{"cameraMode":{"drawMode":0,"name":"Shaded","section":"Shading Mode"},"sceneLighting":true,"audioPlay":false,"sceneViewState":{"m_AlwaysRefresh":false,"showFog":true,"showSkybox":true,"showFlares":true,"showImageEffects":true,"showParticleSystems":true,"showVisualEffectGraphs":true,"m_FxEnabled":true},"in2DMode":false,"pivot":{"x":0.017507314682006837,"y":0.6998952627182007,"z":0.0073233842849731449},"rotation":{"x":0.13360483944416047,"y":-0.8501906991004944,"z":0.2590995132923126,"w":0.4384195804595947},"size":3.300856351852417,"orthographic":false}