{"cameraMode":{"drawMode":0,"name":"Shaded","section":"Shading Mode"},"sceneLighting":true,"audioPlay":false,"sceneViewState":{"m_AlwaysRefresh":false,"showFog":true,"showSkybox":true,"showFlares":true,"showImageEffects":true,"showParticleSystems":true,"showVisualEffectGraphs":true,"m_FxEnabled":true},"in2DMode":false,"pivot":{"x":2.5460731983184816,"y":-2.7599806785583498,"z":-1.2758036851882935},"rotation":{"x":-0.011000942438840866,"y":-0.9715886116027832,"z":0.23191311955451966,"w":-0.04608312249183655},"size":6.101531982421875,"orthographic":false}