{"cameraMode":{"drawMode":0,"name":"Shaded","section":"Shading Mode"},"sceneLighting":true,"audioPlay":false,"sceneViewState":{"m_AlwaysRefresh":false,"showFog":true,"showSkybox":true,"showFlares":true,"showImageEffects":true,"showParticleSystems":true,"showVisualEffectGraphs":true,"m_FxEnabled":true},"in2DMode":false,"pivot":{"x":144.28819274902345,"y":500.13702392578127,"z":1.2702484130859376},"rotation":{"x":-0.1452944129705429,"y":0.0005907343584112823,"z":-0.0000879727813298814,"w":-0.9893926382064819},"size":365.4850769042969,"orthographic":false}